-1,-1,-1,-1,-1,-1,-1,-1,-1,-1,-1,-1,-1,-1,-1,-1,-1,-1,-1,-1,-1,-1,-1,-1,-1,-1,-1,-1,-1,-1,-1,-1,-1,-1,-1,-1,-1,-1,-1,-1,-1,-1,-1,-1,-1,-1,-1,-1,-1,-1,-1,-1,-1,-1,-1,-1,-1,-1,-1,-1,-1,-1,-1,-1,-1,-1,-1,-1,-1,-1,-1,-1,-1,-1,-1,-1,-1,-1,-1,-1,-1,-1,-1,-1,-1,-1,-1,-1,-1,-1,-1,-1,-1,-1,-1,-1,-1,-1,-1,-1,-1,-1,-1,-1,-1,-1,-1,-1,-1,-1,-1,-1,-1,-1,-1,-1,-1,-1,-1,-1,-1,-1,-1,-1,-1,-1,-1,-1,-1,-1,-1,-1,-1,-1,-1,-1,-1,-1,-1,-1,-1,-1,-1,-1,-1,-1,-1,-1,-1,-1,-1,-1,-1,-1,-1,-1,-1,-1,-1,-1,-1,-1,-1,-1,-1,-1,-1,-1,-1,-1,-1,-1,-1,-1,-1,-1,-1,-1,-1,-1,-1,-1,-1,-1,-1,-1,-1,-1,-1,-1,-1,-1,-1,-1,-1,-1,-1,-1,-1,-1,-1,-1,-1,-1,-1,-1,-1,-1,-1,-1,-1,-1,-1,-1,-1,-1,-1,-1,-1,-1,-1,-1,-1,-1,-1,-1,-1,-1,-1,-1,-1,-1,-1,-1,-1,-1,-1,-1,-1,-1,-1,-1,-1,-1,-1,-1,-1,-1,-1,-1,-1,-1,-1,-1,-1,-1,-1,-1,-1,-1,-1,-1,-1,-1,-1,-1,-1,-1,-1,-1,-1,-1,-1,-1,-1,-1,-1,-1,-1,-1,-1,-1,-1,-1,-1,-1,-1,-1,-1,-1,-1,-1,-1,-1,-1,-1,-1,-1,-1,-1,15660,15661,15662,15663,15664,15665,15666,15667,-1,-1,-1,-1,-1,-1,-1,-1,-1,-1,-1,-1,-1,-1,-1,-1,-1,-1,-1,-1,-1,-1,-1,-1,-1,-1,-1,-1,-1,-1
-1,-1,-1,-1,-1,-1,-1,-1,-1,-1,-1,-1,-1,-1,-1,-1,-1,-1,-1,-1,-1,-1,-1,-1,-1,-1,-1,-1,-1,-1,-1,-1,-1,-1,-1,-1,-1,-1,-1,-1,-1,-1,-1,-1,-1,-1,-1,-1,-1,-1,-1,-1,-1,-1,-1,-1,-1,-1,-1,-1,-1,-1,-1,-1,-1,-1,-1,-1,-1,-1,-1,-1,-1,-1,-1,-1,-1,-1,-1,-1,-1,-1,-1,-1,-1,-1,-1,-1,-1,-1,-1,-1,-1,-1,-1,-1,-1,-1,-1,-1,-1,-1,-1,-1,-1,-1,-1,-1,-1,-1,-1,-1,-1,-1,-1,-1,-1,-1,-1,-1,-1,-1,-1,-1,-1,-1,-1,-1,-1,-1,-1,-1,-1,-1,-1,-1,-1,-1,-1,-1,-1,-1,-1,-1,-1,-1,-1,-1,-1,-1,-1,-1,-1,-1,-1,-1,-1,-1,-1,-1,-1,-1,-1,-1,-1,-1,-1,-1,-1,-1,-1,-1,-1,-1,-1,-1,-1,-1,-1,-1,-1,-1,-1,-1,-1,-1,-1,-1,-1,-1,-1,-1,-1,-1,-1,-1,-1,-1,-1,-1,-1,-1,-1,-1,-1,-1,-1,-1,-1,-1,-1,-1,-1,-1,-1,-1,-1,-1,-1,-1,-1,-1,-1,-1,-1,-1,-1,-1,-1,-1,-1,-1,-1,-1,-1,-1,-1,-1,-1,-1,-1,-1,-1,-1,-1,-1,-1,-1,-1,-1,-1,-1,-1,-1,-1,-1,-1,-1,-1,-1,-1,-1,-1,-1,-1,-1,-1,-1,-1,-1,-1,-1,-1,-1,-1,-1,-1,-1,-1,-1,-1,-1,-1,-1,-1,-1,-1,-1,-1,-1,-1,-1,-1,-1,-1,-1,-1,-1,-1,-1,16300,16301,16302,16303,16304,16305,16306,16307,-1,-1,-1,-1,-1,-1,-1,-1,-1,-1,-1,-1,-1,-1,-1,-1,-1,-1,-1,-1,-1,-1,-1,-1,-1,-1,-1,-1,-1,-1
-1,-1,-1,-1,-1,-1,-1,-1,-1,-1,-1,-1,-1,-1,-1,-1,-1,-1,-1,-1,-1,-1,-1,-1,-1,-1,-1,-1,-1,-1,-1,-1,-1,-1,-1,-1,-1,-1,-1,-1,-1,-1,-1,-1,-1,-1,-1,-1,-1,-1,-1,-1,-1,-1,-1,-1,-1,-1,-1,-1,-1,-1,-1,-1,-1,-1,-1,-1,-1,-1,-1,-1,-1,-1,-1,-1,-1,-1,-1,-1,-1,-1,-1,-1,-1,-1,-1,-1,-1,-1,-1,-1,-1,-1,-1,-1,-1,-1,-1,-1,-1,-1,-1,-1,-1,-1,-1,-1,-1,-1,-1,-1,-1,-1,-1,-1,-1,-1,-1,-1,-1,-1,-1,-1,-1,-1,-1,-1,-1,-1,-1,-1,-1,-1,-1,-1,-1,-1,-1,-1,-1,-1,-1,-1,-1,-1,-1,-1,-1,-1,-1,-1,-1,-1,-1,-1,-1,-1,-1,-1,-1,-1,-1,-1,-1,-1,-1,-1,-1,-1,-1,-1,-1,-1,-1,-1,-1,-1,-1,-1,-1,-1,-1,-1,-1,-1,-1,-1,-1,-1,-1,-1,-1,-1,-1,-1,-1,-1,-1,-1,-1,-1,-1,-1,-1,-1,-1,-1,-1,-1,-1,-1,-1,-1,-1,-1,-1,-1,-1,-1,-1,-1,-1,-1,-1,-1,-1,-1,-1,-1,-1,-1,-1,-1,-1,-1,-1,-1,-1,-1,-1,-1,-1,-1,-1,-1,-1,-1,-1,-1,-1,-1,-1,-1,-1,-1,-1,-1,-1,-1,-1,-1,-1,-1,-1,-1,-1,-1,-1,-1,-1,-1,-1,-1,-1,-1,-1,-1,-1,-1,-1,-1,-1,-1,-1,-1,-1,-1,-1,-1,-1,-1,-1,-1,-1,-1,-1,-1,-1,-1,16940,16941,16942,16943,16944,16945,16946,16947,-1,-1,-1,-1,-1,-1,-1,-1,-1,-1,-1,-1,-1,-1,-1,-1,-1,-1,-1,-1,-1,-1,-1,-1,-1,-1,-1,-1,-1,-1
-1,-1,-1,-1,-1,-1,-1,-1,-1,-1,-1,-1,-1,-1,-1,-1,-1,-1,-1,-1,-1,-1,-1,-1,-1,-1,-1,-1,-1,-1,-1,-1,-1,-1,-1,-1,-1,-1,-1,-1,-1,-1,-1,-1,-1,-1,-1,-1,-1,-1,-1,-1,-1,-1,-1,-1,-1,-1,-1,-1,-1,-1,-1,-1,-1,-1,-1,-1,-1,-1,-1,-1,-1,-1,-1,-1,-1,-1,-1,-1,-1,-1,-1,-1,-1,-1,-1,-1,-1,-1,-1,-1,-1,-1,-1,-1,-1,-1,-1,-1,-1,-1,-1,-1,-1,-1,-1,-1,-1,-1,-1,-1,-1,-1,-1,-1,-1,-1,-1,-1,-1,-1,-1,-1,-1,-1,-1,-1,-1,-1,-1,-1,-1,-1,-1,-1,-1,-1,-1,-1,-1,-1,-1,-1,-1,-1,-1,-1,-1,-1,-1,-1,-1,-1,-1,-1,-1,-1,-1,-1,-1,-1,-1,-1,-1,-1,-1,-1,-1,-1,-1,-1,-1,-1,-1,-1,-1,-1,-1,-1,-1,-1,-1,-1,-1,-1,-1,-1,-1,-1,-1,-1,-1,-1,-1,-1,-1,-1,-1,-1,-1,-1,-1,-1,-1,-1,-1,-1,-1,-1,-1,-1,-1,-1,-1,-1,-1,-1,-1,-1,-1,-1,-1,-1,-1,-1,-1,-1,-1,-1,-1,-1,-1,-1,-1,-1,-1,-1,-1,-1,-1,-1,-1,-1,-1,-1,-1,-1,-1,-1,-1,-1,-1,-1,-1,-1,-1,-1,-1,-1,-1,-1,-1,-1,-1,-1,-1,-1,-1,-1,-1,-1,-1,-1,-1,-1,-1,-1,-1,-1,-1,-1,-1,-1,-1,-1,-1,-1,-1,-1,-1,-1,-1,-1,-1,-1,-1,-1,-1,-1,17580,17581,17582,17583,17584,17585,17586,17587,-1,-1,-1,-1,-1,-1,-1,-1,-1,-1,-1,-1,-1,-1,-1,-1,-1,-1,-1,-1,-1,-1,-1,-1,-1,-1,-1,-1,-1,-1
-1,-1,-1,-1,-1,-1,-1,-1,-1,-1,-1,-1,-1,-1,-1,-1,-1,-1,-1,-1,-1,-1,-1,-1,-1,-1,-1,-1,-1,-1,-1,-1,-1,-1,-1,-1,-1,-1,-1,-1,-1,-1,-1,-1,-1,-1,-1,-1,-1,-1,-1,-1,-1,-1,-1,-1,-1,-1,-1,-1,-1,-1,-1,-1,-1,-1,-1,-1,-1,-1,-1,-1,-1,-1,-1,-1,-1,-1,-1,-1,-1,-1,-1,-1,-1,-1,-1,-1,-1,-1,-1,-1,-1,-1,-1,-1,-1,-1,-1,-1,-1,-1,-1,-1,-1,-1,-1,-1,-1,-1,-1,-1,-1,-1,-1,-1,-1,-1,-1,-1,-1,-1,-1,-1,-1,-1,-1,-1,-1,-1,-1,-1,-1,-1,-1,-1,-1,-1,-1,-1,-1,-1,-1,-1,-1,-1,-1,-1,-1,-1,-1,-1,-1,-1,-1,-1,-1,-1,-1,-1,-1,-1,-1,-1,-1,-1,-1,-1,-1,-1,-1,-1,-1,-1,-1,-1,-1,-1,-1,-1,-1,-1,-1,-1,-1,-1,-1,-1,-1,-1,-1,-1,-1,-1,-1,-1,-1,-1,-1,-1,-1,-1,-1,-1,-1,-1,-1,-1,-1,-1,-1,-1,-1,-1,-1,-1,-1,-1,-1,-1,-1,-1,-1,-1,-1,-1,-1,-1,-1,-1,-1,-1,-1,-1,-1,-1,-1,-1,-1,-1,-1,-1,-1,-1,-1,-1,-1,-1,-1,-1,-1,-1,-1,-1,-1,-1,-1,-1,-1,-1,-1,-1,-1,-1,-1,-1,-1,-1,-1,-1,-1,-1,-1,-1,-1,-1,-1,-1,-1,-1,-1,-1,-1,-1,-1,-1,-1,-1,-1,-1,-1,-1,-1,-1,-1,-1,-1,-1,-1,-1,18220,18221,18222,18223,18224,18225,18226,18227,-1,-1,-1,-1,-1,-1,-1,-1,-1,-1,-1,-1,-1,-1,-1,-1,-1,-1,-1,-1,-1,-1,-1,-1,-1,-1,-1,-1,-1,-1
-1,-1,-1,-1,-1,-1,-1,-1,-1,-1,-1,-1,-1,-1,-1,-1,-1,-1,-1,-1,-1,-1,-1,-1,-1,-1,-1,-1,-1,-1,-1,-1,-1,-1,-1,-1,-1,-1,-1,-1,-1,-1,-1,-1,-1,-1,-1,-1,-1,-1,-1,-1,-1,-1,-1,-1,-1,-1,-1,-1,-1,-1,-1,-1,-1,-1,-1,-1,-1,-1,-1,-1,-1,-1,-1,-1,-1,-1,-1,-1,-1,-1,-1,-1,-1,-1,-1,-1,-1,-1,-1,-1,-1,-1,-1,-1,-1,-1,-1,-1,-1,-1,-1,-1,-1,-1,-1,-1,-1,-1,-1,-1,-1,-1,-1,-1,-1,-1,-1,-1,-1,-1,-1,-1,-1,-1,-1,-1,-1,-1,-1,-1,-1,-1,-1,-1,-1,-1,-1,-1,-1,-1,-1,-1,-1,-1,-1,-1,-1,-1,-1,-1,-1,-1,-1,-1,-1,-1,-1,-1,-1,-1,-1,-1,-1,-1,-1,-1,-1,-1,-1,-1,-1,-1,-1,-1,-1,-1,-1,-1,-1,-1,-1,-1,-1,-1,-1,-1,-1,-1,-1,-1,-1,-1,-1,-1,-1,-1,-1,-1,-1,-1,-1,-1,-1,-1,-1,-1,-1,-1,-1,-1,-1,-1,-1,-1,-1,-1,-1,-1,-1,-1,-1,-1,-1,-1,-1,-1,-1,-1,-1,-1,-1,-1,-1,-1,-1,-1,-1,-1,-1,-1,-1,-1,-1,-1,-1,-1,-1,-1,-1,-1,-1,-1,-1,-1,-1,-1,-1,-1,-1,-1,-1,-1,-1,-1,-1,-1,-1,-1,-1,-1,-1,-1,-1,-1,-1,-1,-1,-1,-1,-1,-1,-1,-1,-1,-1,-1,-1,-1,-1,-1,-1,-1,-1,-1,-1,-1,-1,-1,18860,18861,18862,18863,18864,18865,18866,18867,-1,-1,-1,-1,-1,-1,-1,-1,-1,-1,-1,-1,-1,-1,-1,-1,-1,-1,-1,-1,-1,-1,-1,-1,-1,-1,-1,-1,-1,-1
-1,-1,-1,-1,-1,-1,-1,-1,-1,-1,-1,-1,-1,-1,-1,-1,-1,-1,-1,-1,-1,-1,-1,-1,-1,-1,-1,-1,-1,-1,-1,-1,-1,-1,-1,-1,-1,-1,-1,-1,-1,-1,-1,-1,-1,-1,-1,-1,-1,-1,-1,-1,-1,-1,-1,-1,-1,-1,-1,-1,-1,-1,-1,-1,-1,-1,-1,-1,-1,-1,-1,-1,-1,-1,-1,-1,-1,-1,-1,-1,-1,-1,-1,-1,-1,-1,-1,-1,-1,-1,-1,-1,-1,-1,-1,-1,-1,-1,-1,-1,-1,-1,-1,-1,-1,-1,-1,-1,-1,-1,-1,-1,-1,-1,-1,-1,-1,-1,-1,-1,-1,-1,-1,-1,-1,-1,-1,-1,-1,-1,-1,-1,-1,-1,-1,-1,-1,-1,-1,-1,-1,-1,-1,-1,-1,-1,-1,-1,-1,-1,-1,-1,-1,-1,-1,-1,-1,-1,-1,-1,-1,-1,-1,-1,-1,-1,-1,-1,-1,-1,-1,-1,-1,-1,-1,-1,-1,-1,-1,-1,-1,-1,-1,-1,-1,-1,-1,-1,-1,-1,-1,-1,-1,-1,-1,-1,-1,-1,-1,-1,-1,-1,-1,-1,-1,-1,-1,-1,-1,-1,-1,-1,-1,-1,-1,-1,-1,-1,-1,-1,-1,-1,-1,-1,-1,-1,-1,-1,-1,-1,-1,-1,-1,-1,-1,-1,-1,-1,-1,-1,-1,-1,-1,-1,-1,-1,-1,-1,-1,-1,-1,-1,-1,-1,-1,-1,-1,-1,-1,-1,-1,-1,-1,-1,-1,-1,-1,-1,-1,-1,-1,-1,-1,-1,-1,-1,-1,-1,-1,-1,-1,-1,-1,-1,-1,-1,-1,-1,-1,-1,-1,-1,-1,-1,-1,-1,-1,-1,-1,-1,19500,19501,19502,19503,19504,19505,19506,19507,-1,-1,-1,-1,-1,-1,-1,-1,-1,-1,-1,-1,-1,-1,-1,-1,-1,-1,-1,-1,-1,-1,-1,-1,-1,-1,-1,-1,-1,-1
-1,-1,-1,-1,-1,-1,-1,-1,-1,-1,-1,-1,-1,-1,-1,-1,-1,-1,-1,-1,-1,-1,-1,-1,-1,-1,-1,-1,-1,-1,-1,-1,-1,-1,-1,-1,-1,-1,-1,-1,-1,-1,-1,-1,-1,-1,-1,-1,-1,-1,-1,-1,-1,-1,-1,-1,-1,-1,-1,-1,-1,-1,-1,-1,-1,-1,-1,-1,-1,-1,-1,-1,-1,-1,-1,-1,-1,-1,-1,-1,-1,-1,-1,-1,-1,-1,-1,-1,-1,-1,-1,-1,-1,-1,-1,-1,-1,-1,-1,-1,-1,-1,-1,-1,-1,-1,-1,-1,-1,-1,-1,-1,-1,-1,-1,-1,-1,-1,-1,-1,-1,-1,-1,-1,-1,-1,-1,-1,-1,-1,-1,-1,-1,-1,-1,-1,-1,-1,-1,-1,-1,-1,-1,-1,-1,-1,-1,-1,-1,-1,-1,-1,-1,-1,-1,-1,-1,-1,-1,-1,-1,-1,-1,-1,-1,-1,-1,-1,-1,-1,-1,-1,-1,-1,-1,-1,-1,-1,-1,-1,-1,-1,-1,-1,-1,-1,-1,-1,-1,-1,-1,-1,-1,-1,-1,-1,-1,-1,-1,-1,-1,-1,-1,-1,-1,-1,-1,-1,-1,-1,-1,-1,-1,-1,-1,-1,-1,-1,-1,-1,-1,-1,-1,-1,-1,-1,-1,-1,-1,-1,-1,-1,-1,-1,-1,-1,-1,-1,-1,-1,-1,-1,-1,-1,-1,-1,-1,-1,-1,-1,-1,-1,-1,-1,-1,-1,-1,-1,-1,-1,-1,-1,-1,-1,-1,-1,-1,-1,-1,-1,-1,-1,-1,-1,-1,-1,-1,-1,-1,-1,-1,-1,-1,-1,-1,-1,-1,-1,-1,-1,-1,-1,-1,-1,-1,-1,-1,-1,-1,-1,20140,20141,20142,20143,20144,20145,20146,20147,-1,-1,-1,-1,-1,-1,-1,-1,-1,-1,-1,-1,-1,-1,-1,-1,-1,-1,-1,-1,-1,-1,-1,-1,-1,-1,-1,-1,-1,-1
-1,-1,-1,-1,-1,-1,-1,-1,-1,-1,-1,-1,-1,-1,-1,-1,-1,-1,-1,-1,-1,-1,-1,-1,-1,-1,-1,-1,-1,-1,-1,-1,-1,-1,-1,-1,-1,-1,-1,-1,-1,-1,-1,-1,-1,-1,-1,-1,-1,-1,-1,-1,-1,-1,-1,-1,-1,-1,-1,-1,-1,-1,-1,-1,-1,-1,-1,-1,-1,-1,-1,-1,-1,-1,-1,-1,-1,-1,-1,-1,-1,-1,-1,-1,-1,-1,-1,-1,-1,-1,-1,-1,-1,-1,-1,-1,-1,-1,-1,-1,-1,-1,-1,-1,-1,-1,-1,-1,-1,-1,-1,-1,-1,-1,-1,-1,-1,-1,-1,-1,-1,-1,-1,-1,-1,-1,-1,-1,-1,-1,-1,-1,-1,-1,-1,-1,-1,-1,-1,-1,-1,-1,-1,-1,-1,-1,-1,-1,-1,-1,-1,-1,-1,-1,-1,-1,-1,-1,-1,-1,-1,-1,-1,-1,-1,-1,-1,-1,-1,-1,-1,-1,-1,-1,-1,-1,-1,-1,-1,-1,-1,-1,-1,-1,-1,-1,-1,-1,-1,-1,-1,-1,-1,-1,-1,-1,-1,-1,-1,-1,-1,-1,-1,-1,-1,-1,-1,-1,-1,-1,-1,-1,-1,-1,-1,-1,-1,-1,-1,-1,-1,-1,-1,-1,-1,-1,-1,-1,-1,-1,-1,-1,-1,-1,-1,-1,-1,-1,-1,-1,-1,-1,-1,-1,-1,-1,-1,-1,-1,-1,-1,-1,-1,-1,-1,-1,-1,-1,-1,-1,-1,-1,-1,-1,-1,-1,-1,-1,-1,-1,-1,-1,-1,-1,-1,-1,-1,-1,-1,-1,-1,-1,-1,-1,-1,-1,-1,-1,-1,-1,-1,-1,-1,-1,-1,-1,-1,-1,-1,-1,20780,20781,20782,20783,20784,20785,20786,20787,-1,-1,-1,-1,-1,-1,-1,-1,-1,-1,-1,-1,-1,-1,-1,-1,-1,-1,-1,-1,-1,-1,-1,-1,-1,-1,-1,-1,-1,-1
-1,-1,-1,-1,-1,-1,-1,-1,-1,-1,-1,-1,-1,-1,-1,-1,-1,-1,-1,-1,-1,-1,-1,-1,-1,-1,-1,-1,-1,-1,-1,-1,-1,-1,-1,-1,-1,-1,-1,-1,-1,-1,-1,-1,-1,-1,-1,-1,-1,-1,-1,-1,-1,-1,-1,-1,-1,-1,-1,-1,-1,-1,-1,-1,-1,-1,-1,-1,-1,-1,-1,-1,-1,-1,-1,-1,-1,-1,-1,-1,-1,-1,-1,-1,-1,-1,-1,-1,-1,-1,-1,-1,-1,-1,-1,-1,-1,-1,-1,-1,-1,-1,-1,-1,-1,-1,-1,-1,-1,-1,-1,-1,-1,-1,-1,-1,-1,-1,-1,-1,-1,-1,-1,-1,-1,-1,-1,-1,-1,-1,-1,-1,-1,-1,-1,-1,-1,-1,-1,-1,-1,-1,-1,-1,-1,-1,-1,-1,-1,-1,-1,-1,-1,-1,-1,-1,-1,-1,-1,-1,-1,-1,-1,-1,-1,-1,-1,-1,-1,-1,-1,-1,-1,-1,-1,-1,-1,-1,-1,-1,-1,-1,-1,-1,-1,-1,-1,-1,-1,-1,-1,-1,-1,-1,-1,-1,-1,-1,-1,-1,-1,-1,-1,-1,-1,-1,-1,-1,-1,-1,-1,-1,-1,-1,-1,-1,-1,-1,-1,-1,-1,-1,-1,-1,-1,-1,-1,-1,-1,-1,-1,-1,-1,-1,-1,-1,-1,-1,-1,-1,-1,21360,21361,21362,21363,21364,21365,21366,21367,21368,21369,21370,21371,-1,-1,-1,-1,-1,-1,-1,-1,-1,-1,-1,-1,-1,-1,-1,-1,-1,-1,-1,-1,-1,-1,-1,-1,-1,-1,-1,-1,-1,-1,-1,-1,-1,-1,-1,-1,-1,-1,-1,-1,-1,-1,-1,-1,-1,-1,-1,21420,21421,21422,21423,21424,21425,21426,21427,-1,-1,-1,-1,-1,-1,-1,-1,-1,-1,-1,-1,-1,-1,-1,-1,-1,-1,-1,-1,-1,-1,-1,-1,-1,-1,-1,-1,-1,-1
-1,-1,-1,-1,-1,-1,-1,-1,-1,-1,-1,-1,-1,-1,-1,-1,-1,-1,-1,-1,-1,-1,-1,-1,-1,-1,-1,-1,-1,-1,-1,-1,-1,-1,-1,-1,-1,-1,-1,-1,-1,-1,-1,-1,-1,-1,-1,-1,-1,-1,-1,-1,-1,-1,-1,-1,-1,-1,-1,-1,-1,-1,-1,-1,-1,-1,-1,-1,-1,-1,-1,-1,-1,-1,-1,-1,-1,-1,-1,-1,-1,-1,-1,-1,-1,-1,-1,-1,-1,-1,-1,-1,-1,-1,-1,-1,-1,-1,-1,-1,-1,-1,-1,-1,-1,-1,-1,-1,-1,-1,-1,-1,-1,-1,-1,-1,-1,-1,-1,-1,-1,-1,-1,-1,-1,-1,-1,-1,-1,-1,-1,-1,-1,-1,-1,-1,-1,-1,-1,-1,-1,-1,-1,-1,-1,-1,-1,-1,-1,-1,-1,-1,-1,-1,-1,-1,-1,-1,-1,-1,-1,-1,-1,-1,-1,-1,-1,-1,-1,-1,-1,-1,-1,-1,-1,-1,-1,-1,-1,-1,-1,-1,-1,-1,-1,-1,-1,-1,-1,-1,-1,-1,-1,-1,-1,-1,-1,-1,-1,-1,-1,-1,-1,-1,-1,-1,-1,-1,-1,-1,-1,-1,-1,-1,-1,-1,-1,-1,-1,-1,-1,-1,-1,-1,-1,-1,-1,-1,-1,-1,-1,-1,-1,-1,-1,-1,-1,-1,-1,-1,-1,22000,22001,22002,22003,22004,22005,22006,22007,22008,22009,22010,22011,-1,-1,-1,-1,-1,-1,-1,-1,-1,-1,-1,-1,-1,-1,-1,-1,-1,-1,-1,-1,-1,-1,-1,-1,-1,-1,-1,-1,-1,-1,-1,-1,-1,-1,-1,-1,-1,-1,-1,-1,-1,-1,-1,-1,-1,-1,-1,22060,22061,22062,22063,22064,22065,22066,22067,-1,-1,-1,-1,-1,-1,-1,-1,-1,-1,-1,-1,-1,-1,-1,-1,-1,-1,-1,-1,-1,-1,-1,-1,-1,-1,-1,-1,-1,-1
-1,-1,-1,-1,-1,-1,-1,-1,-1,-1,-1,-1,-1,-1,-1,-1,-1,-1,-1,-1,-1,-1,-1,-1,-1,-1,-1,-1,-1,-1,-1,-1,-1,-1,-1,-1,-1,-1,-1,-1,-1,-1,-1,-1,-1,-1,-1,-1,-1,-1,-1,-1,-1,-1,-1,-1,-1,-1,-1,-1,-1,-1,-1,-1,-1,-1,-1,-1,-1,-1,-1,-1,-1,-1,-1,-1,-1,-1,-1,-1,-1,-1,-1,-1,-1,-1,-1,-1,-1,-1,-1,-1,-1,-1,-1,-1,-1,-1,-1,-1,-1,-1,-1,-1,-1,-1,-1,-1,-1,-1,-1,-1,-1,-1,-1,-1,-1,-1,-1,-1,-1,-1,-1,-1,-1,-1,-1,-1,-1,-1,-1,-1,-1,-1,-1,-1,-1,-1,-1,-1,-1,-1,-1,-1,-1,-1,-1,-1,-1,-1,-1,-1,-1,-1,-1,-1,-1,-1,-1,-1,-1,-1,-1,-1,-1,-1,-1,-1,-1,-1,-1,-1,-1,-1,-1,-1,-1,-1,-1,-1,-1,-1,-1,-1,-1,-1,-1,-1,-1,-1,-1,-1,-1,-1,-1,-1,-1,-1,-1,-1,-1,-1,-1,-1,-1,-1,-1,-1,-1,-1,-1,-1,-1,-1,-1,-1,-1,-1,-1,-1,-1,-1,-1,-1,-1,-1,-1,-1,-1,-1,-1,-1,-1,-1,-1,-1,-1,-1,-1,-1,-1,22640,22641,22642,22643,22644,22645,22646,22647,22648,22649,22650,22651,-1,-1,-1,-1,-1,-1,-1,-1,-1,-1,-1,-1,-1,-1,-1,-1,-1,-1,-1,-1,-1,-1,-1,-1,-1,-1,-1,-1,-1,-1,-1,-1,-1,-1,-1,-1,-1,-1,-1,-1,-1,-1,-1,-1,-1,-1,-1,22700,22701,22702,22703,22704,22705,22706,22707,-1,-1,-1,-1,-1,-1,-1,-1,-1,-1,-1,-1,-1,-1,-1,-1,-1,-1,-1,-1,-1,-1,-1,-1,-1,-1,-1,-1,-1,-1
-1,-1,-1,-1,-1,-1,-1,-1,-1,-1,-1,-1,-1,-1,-1,-1,-1,-1,-1,-1,-1,-1,-1,-1,-1,-1,-1,-1,-1,-1,-1,-1,-1,-1,-1,-1,-1,-1,-1,-1,-1,-1,-1,-1,-1,-1,-1,-1,-1,-1,-1,-1,-1,-1,-1,-1,-1,-1,-1,-1,-1,-1,-1,-1,-1,-1,-1,-1,-1,-1,-1,-1,-1,-1,-1,-1,-1,-1,-1,-1,-1,-1,-1,-1,-1,-1,-1,-1,-1,-1,-1,-1,-1,-1,-1,-1,-1,-1,-1,-1,-1,-1,-1,-1,-1,-1,-1,-1,-1,-1,-1,-1,-1,-1,-1,-1,-1,-1,-1,-1,-1,-1,-1,-1,-1,-1,-1,-1,-1,-1,-1,-1,-1,-1,-1,-1,-1,-1,-1,-1,-1,-1,-1,-1,-1,-1,-1,-1,-1,-1,-1,-1,-1,-1,-1,-1,-1,-1,-1,-1,-1,-1,-1,-1,-1,-1,-1,-1,-1,-1,-1,-1,-1,-1,-1,-1,-1,-1,-1,-1,-1,-1,-1,-1,-1,-1,-1,-1,-1,-1,-1,-1,-1,-1,-1,-1,-1,-1,-1,-1,-1,-1,-1,-1,-1,-1,-1,-1,-1,-1,-1,-1,-1,-1,-1,-1,-1,-1,-1,-1,-1,-1,-1,-1,-1,-1,-1,-1,-1,-1,-1,-1,-1,-1,-1,-1,-1,-1,-1,-1,-1,23280,23281,23282,23283,23284,23285,23286,23287,23288,23289,23290,23291,-1,-1,-1,-1,-1,-1,-1,-1,-1,-1,-1,-1,-1,-1,-1,-1,-1,-1,-1,-1,-1,-1,-1,-1,-1,-1,-1,-1,-1,-1,-1,23324,23325,23326,23327,23328,23329,23330,23331,23332,23333,23334,23335,-1,-1,-1,-1,23340,23341,23342,23343,23344,23345,23346,23347,-1,-1,-1,-1,-1,-1,-1,-1,-1,-1,-1,-1,-1,-1,-1,-1,-1,-1,-1,-1,-1,-1,-1,-1,-1,-1,-1,-1,-1,-1
-1,-1,-1,-1,-1,-1,-1,-1,-1,-1,-1,-1,-1,-1,-1,-1,-1,-1,-1,-1,-1,-1,-1,-1,-1,-1,-1,-1,-1,-1,-1,-1,-1,-1,-1,-1,-1,-1,-1,-1,-1,-1,-1,-1,-1,-1,-1,-1,-1,-1,-1,-1,-1,-1,-1,-1,-1,-1,-1,-1,-1,-1,-1,-1,-1,-1,-1,-1,-1,-1,-1,-1,-1,-1,-1,-1,-1,-1,-1,-1,-1,-1,-1,-1,-1,-1,-1,-1,-1,-1,-1,-1,-1,-1,-1,-1,-1,-1,-1,-1,-1,-1,-1,-1,-1,-1,-1,-1,-1,-1,-1,-1,-1,-1,-1,-1,-1,-1,-1,-1,-1,-1,-1,-1,-1,-1,-1,-1,-1,-1,-1,-1,-1,-1,-1,-1,-1,-1,-1,-1,-1,-1,-1,-1,-1,-1,-1,-1,-1,-1,-1,-1,-1,-1,-1,-1,-1,-1,-1,-1,-1,-1,-1,-1,-1,-1,-1,-1,-1,-1,-1,-1,-1,-1,-1,-1,-1,-1,-1,-1,-1,-1,-1,-1,-1,-1,-1,-1,-1,-1,-1,-1,-1,-1,-1,-1,-1,-1,-1,-1,-1,-1,-1,-1,-1,-1,-1,-1,-1,-1,-1,-1,-1,-1,-1,-1,-1,-1,-1,-1,-1,-1,-1,-1,-1,-1,-1,-1,-1,-1,-1,-1,-1,-1,-1,-1,-1,-1,-1,-1,-1,23920,23921,23922,23923,23924,23925,23926,23927,23928,23929,23930,23931,-1,-1,-1,-1,-1,-1,-1,-1,-1,-1,-1,-1,-1,-1,-1,-1,-1,-1,-1,-1,-1,-1,-1,-1,-1,-1,-1,-1,-1,-1,-1,23964,23965,23966,23967,23968,23969,23970,23971,23972,23973,23974,23975,23976,23977,-1,-1,23980,23981,23982,23983,23984,23985,23986,23987,-1,-1,-1,-1,-1,-1,-1,-1,-1,-1,-1,-1,-1,-1,-1,-1,-1,-1,-1,-1,-1,-1,-1,-1,-1,-1,-1,-1,-1,-1
-1,-1,-1,-1,-1,-1,-1,-1,-1,-1,-1,-1,-1,-1,-1,-1,-1,-1,-1,-1,-1,-1,-1,-1,-1,-1,-1,-1,-1,-1,-1,-1,-1,-1,-1,-1,-1,-1,-1,-1,-1,-1,-1,-1,-1,-1,-1,-1,-1,-1,-1,-1,-1,-1,-1,-1,-1,-1,-1,-1,-1,-1,-1,-1,-1,-1,-1,-1,-1,-1,-1,-1,-1,-1,-1,-1,-1,-1,-1,-1,-1,-1,-1,-1,-1,-1,-1,-1,-1,-1,-1,-1,-1,-1,-1,-1,-1,-1,-1,-1,-1,-1,-1,-1,-1,-1,-1,-1,-1,-1,-1,-1,-1,-1,-1,-1,-1,-1,-1,-1,-1,-1,-1,-1,-1,-1,-1,-1,-1,-1,-1,-1,-1,-1,-1,-1,-1,-1,-1,-1,-1,-1,-1,-1,-1,-1,-1,-1,-1,-1,-1,-1,-1,-1,-1,-1,-1,-1,-1,-1,-1,-1,-1,-1,-1,-1,-1,-1,-1,-1,-1,-1,-1,-1,-1,-1,-1,-1,-1,-1,-1,-1,-1,-1,-1,-1,-1,-1,-1,-1,-1,-1,-1,-1,-1,-1,-1,-1,-1,-1,-1,-1,-1,-1,-1,-1,-1,-1,-1,-1,-1,-1,-1,-1,-1,-1,-1,-1,-1,-1,-1,-1,-1,-1,-1,-1,-1,-1,-1,-1,-1,-1,-1,-1,-1,-1,-1,-1,-1,-1,-1,24560,24561,24562,24563,24564,24565,24566,24567,24568,24569,24570,24571,-1,-1,-1,-1,-1,-1,-1,-1,-1,-1,-1,-1,-1,-1,-1,-1,-1,-1,-1,-1,-1,-1,-1,-1,-1,-1,-1,24600,24601,24602,24603,24604,24605,24606,24607,24608,24609,24610,24611,24612,24613,24614,24615,24616,24617,24618,24619,24620,24621,24622,24623,24624,24625,24626,24627,-1,-1,-1,-1,-1,-1,-1,-1,-1,-1,-1,-1,-1,-1,-1,-1,-1,-1,-1,-1,-1,-1,-1,-1,-1,-1,-1,-1,-1,-1
-1,-1,-1,-1,-1,-1,-1,-1,-1,-1,-1,-1,-1,-1,-1,-1,-1,-1,-1,-1,-1,-1,-1,-1,-1,-1,-1,-1,-1,-1,-1,-1,-1,-1,-1,-1,-1,-1,-1,-1,-1,-1,-1,-1,-1,-1,-1,-1,-1,-1,-1,-1,-1,-1,-1,-1,-1,-1,-1,-1,-1,-1,-1,-1,-1,-1,-1,-1,-1,-1,-1,-1,-1,-1,-1,-1,-1,-1,-1,-1,-1,-1,-1,-1,-1,-1,-1,-1,-1,-1,-1,-1,-1,-1,-1,-1,-1,-1,-1,-1,-1,-1,-1,-1,-1,-1,-1,-1,-1,-1,-1,-1,-1,-1,-1,-1,-1,-1,-1,-1,-1,-1,-1,-1,-1,-1,-1,-1,-1,-1,-1,-1,-1,-1,-1,-1,-1,-1,-1,-1,-1,-1,-1,-1,-1,-1,-1,-1,-1,-1,-1,-1,-1,-1,-1,-1,-1,-1,-1,-1,-1,-1,-1,-1,-1,-1,-1,-1,-1,-1,-1,-1,-1,-1,-1,-1,-1,-1,-1,-1,-1,-1,-1,-1,-1,-1,-1,-1,-1,-1,-1,-1,-1,-1,-1,-1,-1,-1,-1,-1,-1,-1,-1,-1,-1,-1,-1,-1,-1,-1,-1,-1,-1,-1,-1,-1,-1,-1,-1,-1,-1,-1,-1,-1,25184,25185,25186,25187,-1,-1,-1,-1,-1,-1,-1,-1,-1,-1,-1,-1,-1,25200,25201,25202,25203,25204,25205,25206,25207,25208,25209,25210,25211,-1,-1,-1,-1,-1,-1,-1,-1,-1,-1,-1,-1,-1,-1,-1,-1,-1,-1,-1,-1,-1,-1,-1,-1,-1,-1,-1,25240,25241,25242,25243,25244,25245,25246,25247,25248,25249,25250,25251,25252,25253,25254,25255,25256,25257,25258,25259,25260,25261,25262,25263,25264,25265,25266,25267,-1,-1,-1,-1,-1,-1,-1,-1,-1,-1,-1,-1,-1,-1,-1,-1,-1,-1,-1,-1,-1,-1,-1,-1,-1,-1,-1,-1,-1,-1
-1,-1,-1,-1,-1,-1,-1,-1,-1,-1,-1,-1,-1,-1,-1,-1,-1,-1,-1,-1,-1,-1,-1,-1,-1,-1,-1,-1,-1,-1,-1,-1,-1,-1,-1,-1,-1,-1,-1,-1,-1,-1,-1,-1,-1,-1,-1,-1,-1,-1,-1,-1,-1,-1,-1,-1,-1,-1,-1,-1,-1,-1,-1,-1,-1,-1,-1,-1,-1,-1,-1,-1,-1,-1,-1,-1,-1,-1,-1,-1,-1,-1,-1,-1,-1,-1,-1,-1,-1,-1,-1,-1,-1,-1,-1,-1,-1,-1,-1,-1,-1,-1,-1,-1,-1,-1,-1,-1,-1,-1,-1,-1,-1,-1,-1,-1,-1,-1,-1,-1,-1,-1,-1,-1,-1,-1,-1,-1,-1,-1,-1,-1,-1,-1,-1,-1,-1,-1,-1,-1,-1,-1,-1,-1,-1,-1,-1,-1,-1,-1,-1,-1,-1,-1,-1,-1,-1,-1,-1,-1,-1,-1,-1,-1,-1,-1,-1,-1,-1,-1,-1,-1,-1,-1,-1,-1,-1,-1,-1,-1,-1,-1,-1,-1,-1,-1,-1,-1,-1,-1,-1,-1,-1,-1,-1,-1,-1,-1,-1,-1,-1,-1,-1,-1,-1,-1,-1,-1,-1,-1,-1,-1,-1,-1,-1,-1,-1,-1,-1,-1,25820,25821,25822,25823,25824,25825,25826,25827,-1,-1,-1,-1,-1,-1,-1,-1,-1,-1,-1,-1,-1,25840,25841,25842,25843,25844,25845,25846,25847,25848,25849,25850,25851,25852,25853,25854,25855,-1,-1,-1,-1,-1,-1,-1,-1,-1,-1,-1,25868,25869,25870,25871,25872,25873,25874,25875,25876,25877,25878,25879,25880,25881,25882,25883,25884,25885,25886,25887,25888,25889,25890,25891,25892,25893,25894,25895,25896,25897,25898,25899,25900,25901,25902,25903,25904,25905,25906,25907,25908,25909,25910,25911,-1,-1,-1,-1,-1,-1,-1,-1,-1,-1,-1,-1,-1,-1,-1,-1,-1,-1,-1,-1,-1,-1,-1,-1,-1,-1
-1,-1,-1,-1,-1,-1,-1,-1,-1,-1,-1,-1,-1,-1,-1,-1,-1,-1,-1,-1,-1,-1,-1,-1,-1,-1,-1,-1,-1,-1,-1,-1,-1,-1,-1,-1,-1,-1,-1,-1,-1,-1,-1,-1,-1,-1,-1,-1,-1,-1,-1,-1,-1,-1,-1,-1,-1,-1,-1,-1,-1,-1,-1,-1,-1,-1,-1,-1,-1,-1,-1,-1,-1,-1,-1,-1,-1,-1,-1,-1,-1,-1,-1,-1,-1,-1,-1,-1,-1,-1,-1,-1,-1,-1,-1,-1,-1,-1,-1,-1,-1,-1,-1,-1,-1,-1,-1,-1,-1,-1,-1,-1,-1,-1,-1,-1,-1,-1,-1,-1,-1,-1,-1,-1,-1,-1,-1,-1,-1,-1,-1,-1,-1,-1,-1,-1,-1,-1,-1,-1,-1,-1,-1,-1,-1,-1,-1,-1,-1,-1,-1,-1,-1,-1,-1,-1,-1,-1,-1,-1,-1,-1,-1,-1,-1,-1,-1,-1,-1,-1,-1,-1,-1,-1,-1,-1,-1,-1,-1,-1,-1,-1,-1,-1,-1,-1,-1,-1,-1,-1,-1,-1,-1,-1,-1,-1,-1,-1,-1,-1,-1,-1,-1,-1,-1,-1,-1,-1,-1,-1,-1,-1,-1,-1,-1,-1,-1,26457,26458,26459,26460,26461,26462,26463,26464,26465,26466,26467,-1,-1,-1,-1,-1,-1,-1,-1,-1,-1,-1,-1,-1,26480,26481,26482,26483,26484,26485,26486,26487,26488,26489,26490,26491,26492,26493,26494,26495,-1,-1,-1,-1,-1,-1,-1,-1,-1,-1,-1,26508,26509,26510,26511,26512,26513,26514,26515,26516,26517,26518,26519,26520,26521,26522,26523,26524,26525,26526,26527,26528,26529,26530,26531,26532,26533,26534,26535,26536,26537,26538,26539,26540,26541,26542,26543,26544,26545,26546,26547,26548,26549,26550,26551,26552,-1,-1,-1,-1,-1,-1,-1,-1,-1,-1,-1,-1,-1,-1,-1,-1,-1,-1,-1,-1,-1,-1,-1,-1,-1
-1,-1,-1,-1,-1,-1,-1,-1,-1,-1,-1,-1,-1,-1,-1,-1,-1,-1,-1,-1,-1,-1,-1,-1,-1,-1,-1,-1,-1,-1,-1,-1,-1,-1,-1,-1,-1,-1,-1,-1,-1,-1,-1,-1,-1,-1,-1,-1,-1,-1,-1,-1,-1,-1,-1,-1,-1,-1,-1,-1,-1,-1,-1,-1,-1,-1,-1,-1,-1,-1,-1,-1,-1,-1,-1,-1,-1,-1,-1,-1,-1,-1,-1,-1,-1,-1,-1,-1,-1,-1,-1,-1,-1,-1,-1,-1,-1,-1,-1,-1,-1,-1,-1,-1,-1,-1,-1,-1,-1,-1,-1,-1,-1,-1,-1,-1,-1,-1,-1,-1,-1,-1,-1,-1,-1,-1,-1,-1,-1,-1,-1,-1,-1,-1,-1,-1,-1,-1,-1,-1,-1,-1,-1,-1,-1,-1,-1,-1,-1,-1,-1,-1,-1,-1,-1,-1,-1,-1,-1,-1,-1,-1,-1,-1,-1,-1,-1,-1,-1,-1,-1,-1,-1,-1,-1,-1,-1,-1,-1,-1,-1,-1,-1,-1,-1,-1,-1,-1,-1,-1,-1,-1,-1,-1,-1,-1,-1,-1,-1,-1,-1,-1,-1,-1,-1,-1,-1,-1,-1,-1,-1,-1,-1,-1,-1,-1,27096,27097,27098,27099,27100,27101,27102,27103,27104,27105,27106,27107,-1,-1,-1,-1,-1,-1,-1,-1,-1,-1,-1,-1,-1,27120,27121,27122,27123,27124,27125,27126,27127,27128,27129,27130,27131,27132,27133,27134,27135,-1,-1,-1,-1,-1,-1,-1,-1,-1,-1,-1,27148,27149,27150,27151,27152,27153,27154,27155,27156,27157,27158,27159,27160,27161,27162,27163,27164,27165,27166,27167,27168,27169,27170,27171,27172,27173,27174,27175,27176,27177,27178,27179,27180,27181,27182,27183,27184,27185,27186,27187,27188,27189,27190,27191,27192,27193,27194,-1,-1,-1,-1,-1,-1,-1,-1,-1,-1,-1,-1,-1,-1,-1,-1,-1,-1,-1,-1,-1,-1,-1
-1,-1,-1,-1,-1,-1,-1,-1,-1,-1,-1,-1,-1,-1,-1,-1,-1,-1,-1,-1,-1,-1,-1,-1,-1,-1,-1,-1,-1,-1,-1,-1,-1,-1,-1,-1,-1,-1,-1,-1,-1,-1,-1,-1,-1,-1,-1,-1,-1,-1,-1,-1,-1,-1,-1,-1,-1,-1,-1,-1,-1,-1,-1,-1,-1,-1,-1,-1,-1,-1,-1,-1,-1,-1,-1,-1,-1,-1,-1,-1,-1,-1,-1,-1,-1,-1,-1,-1,-1,-1,-1,-1,-1,-1,-1,-1,-1,-1,-1,-1,-1,-1,-1,-1,-1,-1,-1,-1,-1,-1,-1,-1,-1,-1,-1,-1,-1,-1,-1,-1,-1,-1,-1,-1,-1,-1,-1,-1,-1,-1,-1,-1,-1,-1,-1,-1,-1,-1,-1,-1,-1,-1,-1,-1,-1,-1,-1,-1,-1,-1,-1,-1,-1,-1,-1,-1,-1,-1,-1,-1,-1,-1,-1,-1,-1,-1,-1,-1,-1,-1,-1,-1,-1,-1,-1,-1,-1,-1,-1,-1,-1,-1,-1,-1,-1,-1,-1,-1,-1,-1,-1,-1,27712,-1,-1,-1,-1,-1,-1,-1,27720,27721,27722,27723,27724,27725,27726,27727,27728,27729,-1,-1,-1,27733,27734,27735,27736,27737,27738,27739,27740,27741,27742,27743,27744,27745,27746,27747,-1,-1,-1,-1,-1,-1,-1,-1,-1,-1,-1,-1,-1,27760,27761,27762,27763,27764,27765,27766,27767,27768,27769,27770,27771,27772,27773,27774,27775,-1,-1,-1,-1,-1,-1,-1,-1,-1,-1,-1,27788,27789,27790,27791,27792,27793,27794,27795,27796,27797,27798,27799,27800,27801,27802,27803,27804,27805,27806,27807,27808,27809,27810,27811,27812,27813,27814,27815,27816,27817,27818,27819,27820,27821,27822,27823,27824,27825,27826,27827,27828,27829,27830,27831,27832,27833,27834,27835,27836,-1,-1,-1,-1,-1,-1,-1,-1,-1,-1,-1,-1,-1,-1,-1,-1,-1,-1,-1,-1,-1
-1,-1,-1,-1,-1,-1,-1,-1,-1,-1,-1,-1,-1,-1,-1,-1,-1,-1,-1,-1,-1,-1,-1,-1,-1,-1,-1,-1,-1,-1,-1,-1,-1,-1,-1,-1,-1,-1,-1,-1,-1,-1,-1,-1,-1,-1,-1,-1,-1,-1,-1,-1,-1,-1,-1,-1,-1,-1,-1,-1,-1,-1,-1,-1,-1,-1,-1,-1,-1,-1,-1,-1,-1,-1,-1,-1,-1,-1,-1,-1,-1,-1,-1,-1,-1,-1,-1,-1,-1,-1,-1,-1,-1,-1,-1,-1,-1,-1,-1,-1,-1,-1,-1,-1,-1,-1,-1,-1,-1,-1,-1,-1,-1,-1,-1,-1,-1,-1,-1,-1,-1,-1,-1,-1,-1,-1,-1,-1,-1,-1,-1,-1,-1,-1,-1,-1,-1,-1,-1,-1,-1,-1,-1,-1,-1,-1,-1,-1,-1,-1,-1,-1,-1,-1,-1,-1,-1,-1,-1,-1,-1,-1,-1,-1,-1,-1,-1,-1,-1,-1,-1,-1,-1,-1,-1,-1,-1,-1,-1,-1,-1,-1,-1,-1,-1,-1,-1,-1,-1,-1,-1,-1,28352,28353,28354,28355,28356,28357,28358,28359,28360,28361,28362,28363,28364,28365,28366,28367,28368,28369,28370,28371,28372,28373,28374,28375,28376,28377,28378,28379,28380,28381,28382,28383,28384,28385,28386,28387,-1,-1,-1,-1,-1,-1,-1,-1,-1,-1,-1,-1,-1,28400,28401,28402,28403,28404,28405,28406,28407,28408,28409,28410,28411,28412,28413,28414,28415,-1,-1,-1,-1,-1,-1,-1,-1,-1,-1,-1,28428,28429,28430,28431,28432,28433,28434,28435,28436,28437,28438,28439,28440,28441,28442,28443,28444,28445,28446,28447,28448,28449,28450,28451,28452,28453,28454,28455,28456,28457,28458,28459,28460,28461,28462,28463,28464,28465,28466,28467,28468,28469,28470,28471,28472,28473,28474,28475,28476,28477,28478,28479,28480,28481,28482,28483,28484,28485,28486,28487,28488,28489,28490,28491,28492,28493,28494,28495,28496,28497
-1,-1,-1,-1,-1,-1,-1,-1,-1,-1,-1,-1,-1,-1,-1,-1,-1,-1,-1,-1,-1,-1,-1,-1,-1,-1,-1,-1,-1,-1,-1,-1,-1,-1,-1,-1,-1,-1,-1,-1,-1,-1,-1,-1,-1,-1,-1,-1,-1,-1,-1,-1,-1,-1,-1,-1,-1,-1,-1,-1,-1,-1,-1,-1,-1,-1,-1,-1,-1,-1,-1,-1,-1,-1,-1,-1,-1,-1,-1,-1,-1,-1,-1,-1,-1,-1,-1,-1,-1,-1,-1,-1,-1,-1,-1,-1,-1,-1,-1,-1,-1,-1,-1,-1,-1,-1,-1,-1,-1,-1,-1,-1,-1,-1,-1,-1,-1,-1,-1,-1,-1,-1,-1,-1,-1,-1,-1,-1,-1,-1,-1,-1,-1,-1,-1,-1,-1,-1,-1,-1,-1,-1,-1,-1,-1,-1,-1,-1,-1,-1,-1,-1,-1,-1,-1,-1,-1,-1,-1,-1,-1,-1,-1,-1,-1,-1,-1,-1,-1,-1,-1,-1,-1,-1,-1,-1,-1,-1,-1,-1,-1,-1,-1,-1,-1,-1,-1,-1,-1,-1,-1,-1,28992,28993,28994,28995,28996,28997,28998,28999,29000,29001,29002,29003,29004,29005,29006,29007,29008,29009,29010,29011,29012,29013,29014,29015,29016,29017,29018,29019,29020,29021,29022,29023,29024,29025,29026,29027,-1,-1,-1,-1,-1,-1,-1,-1,-1,-1,-1,-1,-1,29040,29041,29042,29043,29044,29045,29046,29047,29048,29049,29050,29051,29052,29053,29054,29055,-1,-1,-1,-1,-1,-1,-1,-1,-1,-1,-1,29068,29069,29070,29071,29072,29073,29074,29075,29076,29077,29078,29079,29080,29081,29082,29083,29084,29085,29086,29087,29088,29089,29090,29091,29092,29093,29094,29095,29096,29097,29098,29099,29100,29101,29102,29103,29104,29105,29106,29107,29108,29109,29110,29111,29112,29113,29114,29115,29116,29117,29118,29119,29120,29121,29122,29123,29124,29125,29126,29127,29128,29129,29130,29131,29132,29133,29134,29135,29136,29137
-1,-1,-1,-1,-1,-1,-1,-1,-1,-1,-1,-1,-1,-1,-1,-1,-1,-1,-1,-1,-1,-1,-1,-1,-1,-1,-1,-1,-1,-1,-1,-1,-1,-1,-1,-1,-1,-1,-1,-1,-1,-1,-1,-1,-1,-1,-1,-1,-1,-1,-1,-1,-1,-1,-1,-1,-1,-1,-1,-1,-1,-1,-1,-1,-1,-1,-1,-1,-1,-1,-1,-1,-1,-1,-1,-1,-1,-1,-1,-1,-1,-1,-1,-1,-1,-1,-1,-1,-1,-1,-1,-1,-1,-1,-1,-1,-1,-1,-1,-1,-1,-1,-1,-1,-1,-1,-1,-1,-1,-1,-1,-1,-1,-1,-1,-1,-1,-1,-1,-1,-1,-1,-1,-1,-1,-1,-1,-1,-1,-1,-1,-1,-1,-1,-1,-1,-1,-1,-1,-1,-1,-1,-1,-1,-1,-1,-1,-1,-1,-1,-1,-1,-1,-1,-1,-1,-1,-1,-1,-1,-1,-1,-1,-1,-1,-1,-1,-1,-1,-1,-1,-1,-1,-1,-1,-1,-1,-1,-1,-1,-1,-1,-1,-1,-1,-1,-1,-1,-1,-1,-1,-1,29632,29633,29634,29635,29636,29637,29638,29639,29640,29641,29642,29643,29644,29645,29646,29647,29648,29649,29650,29651,29652,29653,29654,29655,29656,29657,29658,29659,29660,29661,29662,29663,29664,29665,29666,29667,-1,-1,-1,-1,-1,-1,-1,-1,-1,-1,-1,-1,-1,29680,29681,29682,29683,29684,29685,29686,29687,29688,29689,29690,29691,29692,29693,29694,29695,-1,-1,-1,-1,-1,-1,-1,-1,-1,-1,-1,29708,29709,29710,29711,29712,29713,29714,29715,29716,29717,29718,29719,29720,29721,29722,29723,29724,29725,29726,29727,29728,29729,29730,29731,29732,29733,29734,29735,29736,29737,29738,29739,29740,29741,29742,29743,29744,29745,29746,29747,29748,29749,29750,29751,29752,29753,29754,29755,29756,29757,29758,29759,29760,29761,29762,29763,29764,29765,29766,29767,29768,29769,29770,29771,29772,29773,29774,29775,29776,29777
-1,-1,-1,-1,-1,-1,-1,-1,-1,-1,-1,-1,-1,-1,-1,-1,-1,-1,-1,-1,-1,-1,-1,-1,-1,-1,-1,-1,-1,-1,-1,-1,-1,-1,-1,-1,-1,-1,-1,-1,-1,-1,-1,-1,-1,-1,-1,-1,-1,-1,-1,-1,-1,-1,-1,-1,-1,-1,-1,-1,-1,-1,-1,-1,-1,-1,-1,-1,-1,-1,-1,-1,-1,-1,-1,-1,-1,-1,-1,-1,-1,-1,-1,-1,-1,-1,-1,-1,-1,-1,-1,-1,-1,-1,-1,-1,-1,-1,-1,-1,-1,-1,-1,-1,-1,-1,-1,-1,-1,-1,-1,-1,-1,-1,-1,-1,-1,-1,-1,-1,-1,-1,-1,-1,-1,-1,-1,-1,-1,-1,-1,-1,-1,-1,-1,-1,-1,-1,-1,-1,-1,-1,-1,-1,-1,-1,-1,-1,-1,-1,-1,-1,-1,-1,-1,-1,-1,-1,-1,-1,-1,-1,-1,-1,-1,-1,-1,-1,-1,-1,-1,-1,-1,-1,-1,-1,-1,-1,-1,-1,-1,-1,-1,-1,-1,-1,-1,-1,-1,-1,-1,-1,30272,30273,30274,30275,30276,30277,30278,30279,30280,30281,30282,30283,30284,30285,30286,30287,30288,30289,30290,30291,30292,30293,30294,30295,30296,30297,30298,30299,30300,30301,30302,30303,30304,30305,30306,30307,-1,-1,-1,-1,-1,-1,-1,-1,-1,-1,-1,-1,-1,30320,30321,30322,30323,30324,30325,30326,30327,30328,30329,30330,30331,30332,30333,30334,30335,-1,-1,-1,-1,-1,-1,-1,-1,-1,-1,-1,30348,30349,30350,30351,30352,30353,30354,30355,30356,30357,30358,30359,30360,30361,30362,30363,30364,30365,30366,30367,30368,30369,30370,30371,30372,30373,30374,30375,30376,30377,30378,30379,30380,30381,30382,30383,30384,30385,30386,30387,30388,30389,30390,30391,30392,30393,30394,30395,30396,30397,30398,30399,30400,30401,30402,30403,30404,30405,30406,30407,30408,30409,30410,30411,30412,30413,30414,30415,30416,30417
-1,-1,-1,-1,-1,-1,-1,-1,-1,-1,-1,-1,-1,-1,-1,-1,-1,-1,-1,-1,-1,-1,-1,-1,-1,-1,-1,-1,-1,-1,-1,-1,-1,-1,-1,-1,-1,-1,-1,-1,-1,-1,-1,-1,-1,-1,-1,-1,-1,-1,-1,-1,-1,-1,-1,-1,-1,-1,-1,-1,-1,-1,-1,-1,-1,-1,-1,-1,-1,-1,-1,-1,-1,-1,-1,-1,-1,-1,-1,-1,-1,-1,-1,-1,-1,-1,-1,-1,-1,-1,-1,-1,-1,-1,-1,-1,-1,-1,-1,-1,-1,-1,-1,-1,-1,-1,-1,-1,-1,-1,-1,-1,-1,-1,-1,-1,-1,-1,-1,-1,-1,-1,-1,-1,-1,-1,-1,-1,-1,-1,-1,-1,-1,-1,-1,-1,-1,-1,-1,-1,-1,-1,-1,-1,-1,-1,-1,-1,30868,30869,30870,30871,30872,30873,30874,30875,30876,30877,30878,30879,30880,30881,30882,30883,-1,-1,-1,-1,-1,-1,-1,-1,-1,-1,-1,-1,30896,30897,30898,30899,30900,30901,30902,30903,30904,30905,30906,30907,30908,30909,30910,30911,30912,30913,30914,30915,30916,30917,30918,30919,30920,30921,30922,30923,30924,30925,30926,30927,30928,30929,30930,30931,30932,30933,30934,30935,30936,30937,30938,30939,30940,30941,30942,30943,30944,30945,30946,30947,-1,-1,-1,-1,-1,-1,-1,-1,-1,-1,-1,-1,-1,30960,30961,30962,30963,30964,30965,30966,30967,30968,30969,30970,30971,30972,30973,30974,30975,-1,-1,-1,-1,-1,-1,-1,-1,-1,-1,-1,30988,30989,30990,30991,30992,30993,30994,30995,30996,30997,30998,30999,31000,31001,31002,31003,31004,31005,31006,31007,31008,31009,31010,31011,31012,31013,31014,31015,31016,31017,31018,31019,31020,31021,31022,31023,31024,31025,31026,31027,31028,31029,31030,31031,31032,31033,31034,31035,31036,31037,31038,31039,31040,31041,31042,31043,31044,31045,31046,31047,31048,31049,31050,31051,31052,31053,31054,31055,31056,31057
-1,-1,-1,-1,-1,-1,-1,-1,-1,-1,-1,-1,-1,-1,-1,-1,-1,-1,-1,-1,-1,-1,-1,-1,-1,-1,-1,-1,-1,-1,-1,-1,-1,-1,-1,-1,-1,-1,-1,-1,-1,-1,-1,-1,-1,-1,-1,-1,-1,-1,-1,-1,-1,-1,-1,-1,-1,-1,-1,-1,-1,-1,-1,-1,-1,-1,-1,-1,-1,-1,-1,-1,-1,-1,-1,-1,-1,-1,-1,-1,-1,-1,-1,-1,-1,-1,-1,-1,-1,-1,-1,-1,-1,-1,-1,-1,-1,-1,-1,-1,-1,-1,-1,-1,-1,-1,-1,-1,-1,-1,-1,-1,-1,-1,-1,-1,-1,-1,-1,-1,-1,-1,-1,-1,-1,-1,-1,-1,-1,-1,-1,-1,-1,-1,-1,-1,-1,-1,-1,-1,-1,-1,-1,-1,-1,-1,-1,-1,31508,31509,31510,31511,31512,31513,31514,31515,31516,31517,31518,31519,31520,31521,31522,31523,-1,-1,-1,-1,-1,-1,-1,-1,-1,-1,-1,-1,31536,31537,31538,31539,31540,31541,31542,31543,31544,31545,31546,31547,31548,31549,31550,31551,31552,31553,31554,31555,31556,31557,31558,31559,31560,31561,31562,31563,31564,31565,31566,31567,31568,31569,31570,31571,31572,31573,31574,31575,31576,31577,31578,31579,31580,31581,31582,31583,31584,31585,31586,31587,-1,-1,-1,-1,-1,-1,-1,-1,-1,-1,-1,-1,-1,31600,31601,31602,31603,31604,31605,31606,31607,31608,31609,31610,31611,31612,31613,31614,31615,-1,-1,-1,-1,-1,-1,-1,-1,-1,-1,-1,31628,31629,31630,31631,31632,31633,31634,31635,31636,31637,31638,31639,31640,31641,31642,31643,31644,31645,31646,31647,31648,31649,31650,31651,31652,31653,31654,31655,31656,31657,31658,31659,31660,31661,31662,31663,31664,31665,31666,31667,31668,31669,31670,31671,31672,31673,31674,31675,31676,31677,31678,31679,31680,31681,31682,31683,31684,31685,31686,31687,31688,31689,31690,31691,31692,31693,31694,31695,31696,31697
-1,-1,-1,-1,-1,-1,-1,-1,-1,-1,-1,-1,-1,-1,-1,-1,-1,-1,-1,-1,-1,-1,-1,-1,-1,-1,-1,-1,-1,-1,-1,-1,-1,-1,-1,-1,-1,-1,-1,-1,-1,-1,-1,-1,-1,-1,-1,-1,-1,-1,-1,-1,-1,-1,-1,-1,-1,-1,-1,-1,-1,-1,-1,-1,-1,-1,-1,-1,-1,-1,-1,-1,-1,-1,-1,-1,-1,-1,-1,-1,-1,-1,-1,-1,-1,-1,-1,-1,-1,-1,-1,-1,-1,-1,-1,-1,-1,-1,-1,-1,-1,-1,-1,-1,-1,-1,-1,-1,-1,-1,-1,-1,-1,-1,-1,-1,-1,-1,-1,-1,-1,-1,-1,-1,-1,-1,-1,-1,-1,-1,-1,-1,-1,-1,-1,-1,-1,-1,-1,-1,-1,-1,-1,-1,-1,-1,-1,-1,32148,32149,32150,32151,32152,32153,32154,32155,32156,32157,32158,32159,32160,32161,32162,32163,-1,-1,-1,-1,-1,-1,-1,-1,-1,-1,-1,-1,32176,32177,32178,32179,32180,32181,32182,32183,32184,32185,32186,32187,32188,32189,32190,32191,32192,32193,32194,32195,32196,32197,32198,32199,32200,32201,32202,32203,32204,32205,32206,32207,32208,32209,32210,32211,32212,32213,32214,32215,32216,32217,32218,32219,32220,32221,32222,32223,32224,32225,32226,32227,-1,-1,-1,-1,-1,-1,-1,-1,-1,-1,-1,-1,-1,32240,32241,32242,32243,32244,32245,32246,32247,32248,32249,32250,32251,32252,32253,32254,32255,-1,-1,-1,-1,-1,-1,-1,-1,-1,-1,-1,32268,32269,32270,32271,32272,32273,32274,32275,32276,32277,32278,32279,32280,32281,32282,32283,32284,32285,32286,32287,32288,32289,32290,32291,32292,32293,32294,32295,32296,32297,32298,32299,32300,32301,32302,32303,32304,32305,32306,32307,32308,32309,32310,32311,32312,32313,32314,32315,32316,32317,32318,32319,32320,32321,32322,32323,32324,32325,32326,32327,32328,32329,32330,32331,32332,32333,32334,32335,32336,32337
-1,-1,-1,-1,-1,-1,-1,-1,-1,-1,-1,-1,-1,-1,-1,-1,-1,-1,-1,-1,-1,-1,-1,-1,-1,-1,-1,-1,-1,-1,-1,-1,-1,-1,-1,-1,-1,-1,-1,-1,-1,-1,-1,-1,-1,-1,-1,-1,-1,-1,-1,-1,-1,-1,-1,-1,-1,-1,-1,-1,-1,-1,-1,-1,-1,-1,-1,-1,-1,-1,-1,-1,-1,-1,-1,-1,-1,-1,-1,-1,-1,-1,-1,-1,-1,-1,-1,-1,-1,-1,-1,-1,-1,-1,-1,-1,-1,-1,-1,-1,-1,-1,-1,-1,-1,-1,-1,-1,-1,-1,-1,-1,-1,-1,-1,-1,-1,-1,-1,-1,-1,-1,-1,-1,-1,-1,-1,-1,-1,-1,-1,-1,-1,-1,-1,-1,-1,-1,-1,-1,32780,32781,32782,32783,32784,32785,32786,32787,32788,32789,32790,32791,32792,32793,32794,32795,32796,32797,32798,32799,32800,32801,32802,32803,-1,-1,-1,-1,-1,-1,-1,-1,-1,-1,-1,-1,32816,32817,32818,32819,32820,32821,32822,32823,32824,32825,32826,32827,32828,32829,32830,32831,32832,32833,32834,32835,32836,32837,32838,32839,32840,32841,32842,32843,32844,32845,32846,32847,32848,32849,32850,32851,32852,32853,32854,32855,32856,32857,32858,32859,32860,32861,32862,32863,32864,32865,32866,32867,-1,-1,-1,-1,-1,-1,-1,-1,-1,-1,-1,-1,-1,32880,32881,32882,32883,32884,32885,32886,32887,32888,32889,32890,32891,32892,32893,32894,32895,-1,-1,-1,-1,-1,-1,-1,-1,-1,-1,-1,32908,32909,32910,32911,32912,32913,32914,32915,32916,32917,32918,32919,32920,32921,32922,32923,32924,32925,32926,32927,32928,32929,32930,32931,32932,32933,32934,32935,32936,32937,32938,32939,32940,32941,32942,32943,32944,32945,32946,32947,32948,32949,32950,32951,32952,32953,32954,32955,32956,32957,32958,32959,32960,32961,32962,32963,32964,32965,32966,32967,32968,32969,32970,32971,32972,32973,32974,32975,32976,32977
-1,-1,-1,-1,-1,-1,-1,-1,-1,-1,-1,-1,-1,-1,-1,-1,-1,-1,-1,-1,-1,-1,-1,-1,-1,-1,-1,-1,-1,-1,-1,-1,-1,-1,-1,-1,-1,-1,-1,-1,-1,-1,-1,-1,-1,-1,-1,-1,-1,-1,-1,-1,-1,-1,-1,-1,-1,-1,-1,-1,-1,-1,-1,-1,-1,-1,-1,-1,-1,-1,-1,-1,-1,-1,-1,-1,-1,-1,-1,-1,-1,-1,-1,-1,-1,-1,-1,-1,-1,-1,-1,-1,-1,-1,-1,-1,-1,-1,-1,-1,-1,-1,-1,-1,-1,-1,-1,-1,-1,-1,-1,-1,-1,-1,-1,-1,-1,-1,-1,-1,-1,-1,-1,-1,-1,-1,-1,-1,-1,-1,-1,-1,-1,-1,-1,-1,-1,-1,-1,33419,33420,33421,33422,33423,33424,33425,33426,33427,33428,33429,33430,33431,33432,33433,33434,33435,33436,33437,33438,33439,33440,33441,33442,33443,33444,33445,33446,33447,33448,33449,33450,33451,33452,33453,33454,33455,33456,33457,33458,33459,33460,33461,33462,33463,33464,33465,33466,33467,33468,33469,33470,33471,33472,33473,33474,33475,33476,33477,33478,33479,33480,33481,33482,33483,33484,33485,33486,33487,33488,33489,33490,33491,33492,33493,33494,33495,33496,33497,33498,33499,33500,33501,33502,33503,33504,33505,33506,33507,-1,-1,-1,-1,-1,-1,-1,-1,-1,-1,-1,-1,-1,33520,33521,33522,33523,33524,33525,33526,33527,33528,33529,33530,33531,33532,33533,33534,33535,-1,-1,-1,-1,-1,-1,-1,-1,-1,-1,-1,33548,33549,33550,33551,33552,33553,33554,33555,33556,33557,33558,33559,33560,33561,33562,33563,33564,33565,33566,33567,33568,33569,33570,33571,33572,33573,33574,33575,33576,33577,33578,33579,33580,33581,33582,33583,33584,33585,33586,33587,33588,33589,33590,33591,33592,33593,33594,33595,33596,33597,33598,33599,33600,33601,33602,33603,33604,33605,33606,33607,33608,33609,33610,33611,33612,33613,33614,33615,33616,33617
-1,-1,-1,-1,-1,-1,-1,-1,-1,-1,-1,-1,-1,-1,-1,-1,-1,-1,-1,-1,-1,-1,-1,-1,-1,-1,-1,-1,-1,-1,-1,-1,-1,-1,-1,-1,-1,-1,-1,-1,-1,-1,-1,-1,-1,-1,-1,-1,-1,-1,-1,-1,-1,-1,-1,-1,-1,-1,-1,-1,-1,-1,-1,-1,-1,-1,-1,-1,-1,-1,-1,-1,-1,-1,-1,-1,-1,-1,-1,-1,-1,-1,-1,-1,-1,-1,-1,-1,-1,-1,-1,-1,-1,-1,-1,-1,-1,-1,-1,-1,-1,-1,-1,-1,-1,-1,-1,-1,-1,-1,-1,-1,-1,-1,-1,-1,-1,-1,-1,-1,-1,-1,-1,-1,-1,-1,-1,-1,-1,-1,-1,-1,-1,-1,-1,-1,34056,34057,34058,34059,34060,34061,34062,34063,34064,34065,34066,34067,34068,34069,34070,34071,34072,34073,34074,34075,34076,34077,34078,34079,34080,34081,34082,34083,34084,34085,34086,34087,34088,34089,34090,34091,34092,34093,34094,34095,34096,34097,34098,34099,34100,34101,34102,34103,34104,34105,34106,34107,34108,34109,34110,34111,34112,34113,34114,34115,34116,34117,34118,34119,34120,34121,34122,34123,34124,34125,34126,34127,34128,34129,34130,34131,34132,34133,34134,34135,34136,34137,34138,34139,34140,34141,34142,34143,34144,34145,34146,34147,-1,-1,-1,-1,-1,-1,-1,-1,-1,-1,-1,-1,-1,34160,34161,34162,34163,34164,34165,34166,34167,34168,34169,34170,34171,34172,34173,34174,34175,-1,-1,-1,-1,-1,-1,-1,-1,-1,-1,-1,34188,34189,34190,34191,34192,34193,34194,34195,34196,34197,34198,34199,34200,34201,34202,34203,34204,34205,34206,34207,34208,34209,34210,34211,34212,34213,34214,34215,34216,34217,34218,34219,34220,34221,34222,34223,34224,34225,34226,34227,34228,34229,34230,34231,34232,34233,34234,34235,34236,34237,34238,34239,34240,34241,34242,34243,34244,34245,34246,34247,34248,34249,34250,34251,34252,34253,34254,34255,34256,34257
-1,-1,-1,-1,-1,-1,-1,-1,-1,-1,-1,-1,-1,-1,-1,-1,-1,-1,-1,-1,-1,-1,-1,-1,-1,-1,-1,-1,-1,-1,-1,-1,-1,34594,34595,34596,34597,34598,34599,34600,34601,34602,34603,34604,34605,-1,-1,-1,-1,-1,-1,-1,-1,-1,-1,-1,-1,-1,-1,-1,-1,-1,-1,-1,-1,-1,-1,-1,-1,-1,-1,-1,-1,-1,-1,-1,-1,-1,-1,-1,-1,-1,-1,-1,-1,-1,-1,-1,-1,-1,-1,-1,-1,-1,-1,-1,-1,-1,-1,-1,-1,-1,-1,-1,-1,-1,-1,-1,-1,-1,-1,-1,-1,-1,-1,-1,-1,-1,-1,-1,-1,-1,-1,-1,-1,-1,-1,-1,-1,-1,-1,-1,-1,-1,-1,-1,34696,34697,34698,34699,34700,34701,34702,34703,34704,34705,34706,34707,34708,34709,34710,34711,34712,34713,34714,34715,34716,34717,34718,34719,34720,34721,34722,34723,34724,34725,34726,34727,34728,34729,34730,34731,34732,34733,34734,34735,34736,34737,34738,34739,34740,34741,34742,34743,34744,34745,34746,34747,34748,34749,34750,34751,34752,34753,34754,34755,34756,34757,34758,34759,34760,34761,34762,34763,34764,34765,34766,34767,34768,34769,34770,34771,34772,34773,34774,34775,34776,34777,34778,34779,34780,34781,34782,34783,34784,34785,34786,34787,-1,-1,-1,-1,-1,-1,-1,-1,-1,-1,-1,-1,-1,34800,34801,34802,34803,34804,34805,34806,34807,34808,34809,34810,34811,34812,34813,34814,34815,-1,-1,-1,-1,-1,-1,-1,-1,-1,-1,-1,34828,34829,34830,34831,34832,34833,34834,34835,34836,34837,34838,34839,34840,34841,34842,34843,34844,34845,34846,34847,34848,34849,34850,34851,34852,34853,34854,34855,34856,34857,34858,34859,34860,34861,34862,34863,34864,34865,34866,34867,34868,34869,34870,34871,34872,34873,34874,34875,34876,34877,34878,34879,34880,34881,34882,34883,34884,34885,34886,34887,34888,34889,34890,34891,34892,34893,34894,34895,34896,34897
-1,-1,-1,-1,-1,-1,-1,-1,-1,-1,-1,-1,-1,-1,-1,-1,-1,-1,-1,-1,-1,-1,-1,-1,-1,-1,-1,-1,-1,-1,-1,-1,-1,35234,35235,35236,35237,35238,35239,35240,35241,35242,35243,35244,35245,-1,-1,-1,-1,-1,-1,-1,-1,-1,-1,-1,-1,-1,-1,-1,-1,-1,-1,-1,-1,-1,-1,-1,-1,-1,-1,-1,-1,-1,-1,-1,-1,-1,-1,35280,35281,-1,-1,-1,-1,-1,-1,-1,-1,-1,-1,-1,-1,-1,-1,-1,-1,-1,-1,-1,-1,-1,-1,-1,-1,-1,-1,-1,-1,-1,-1,-1,-1,-1,-1,-1,-1,-1,35319,-1,-1,-1,-1,-1,35324,35325,35326,35327,35328,35329,-1,-1,35332,35333,35334,35335,35336,35337,35338,35339,35340,35341,35342,35343,35344,35345,35346,35347,35348,35349,35350,35351,35352,35353,35354,35355,35356,35357,35358,35359,35360,35361,35362,35363,35364,35365,35366,35367,35368,35369,35370,35371,35372,35373,35374,35375,35376,35377,35378,35379,35380,35381,35382,35383,35384,35385,35386,35387,35388,35389,35390,35391,35392,35393,35394,35395,35396,35397,35398,35399,35400,35401,35402,35403,35404,35405,35406,35407,35408,35409,35410,35411,35412,35413,35414,35415,35416,35417,35418,35419,35420,35421,35422,35423,35424,35425,35426,35427,-1,-1,-1,-1,-1,-1,-1,-1,-1,-1,-1,-1,-1,35440,35441,35442,35443,35444,35445,35446,35447,35448,35449,35450,35451,35452,35453,35454,35455,-1,-1,-1,-1,-1,-1,-1,-1,-1,-1,-1,35468,35469,35470,35471,35472,35473,35474,35475,35476,35477,35478,35479,35480,35481,35482,35483,35484,35485,35486,35487,35488,35489,35490,35491,35492,35493,35494,35495,35496,35497,35498,35499,35500,35501,35502,35503,35504,35505,35506,35507,35508,35509,35510,35511,35512,35513,35514,35515,35516,35517,35518,35519,35520,35521,35522,35523,35524,35525,35526,35527,35528,35529,35530,35531,35532,35533,35534,35535,35536,35537
-1,-1,-1,-1,-1,-1,-1,-1,-1,-1,-1,-1,-1,-1,-1,-1,-1,-1,-1,-1,-1,-1,-1,-1,-1,-1,-1,-1,-1,-1,-1,-1,-1,35874,35875,35876,35877,35878,35879,35880,35881,35882,35883,35884,35885,-1,-1,-1,-1,-1,-1,-1,-1,-1,-1,-1,-1,-1,35899,35900,35901,35902,35903,35904,35905,35906,35907,35908,35909,35910,35911,35912,35913,35914,35915,35916,35917,35918,35919,35920,35921,35922,35923,35924,35925,35926,35927,35928,35929,35930,35931,35932,35933,35934,35935,35936,35937,35938,35939,35940,35941,35942,35943,-1,-1,-1,-1,-1,-1,-1,-1,-1,-1,-1,-1,-1,-1,35958,35959,35960,35961,35962,35963,35964,35964,35965,35966,35967,35968,35969,35970,35971,35972,35973,35974,35975,35976,35977,35978,35979,35980,35981,35982,35983,35984,35985,35986,35987,35988,35989,35990,35991,35992,35993,35994,35995,35996,35997,35998,35999,36000,36001,36002,36003,36004,36005,36006,36007,36008,36009,36010,36011,36012,36013,36014,36015,36016,36017,36018,36019,36020,36021,36022,36023,36024,36025,36026,36027,36028,36029,36030,36031,36032,36033,36034,36035,36036,36037,36038,36039,36040,36041,36042,36043,36044,36045,36046,36047,36048,36049,36050,36051,36052,36053,36054,36055,36056,36057,36058,36059,36060,36061,36062,36063,36064,36065,36066,36067,36068,36069,36070,36713,-1,-1,-1,-1,-1,-1,-1,-1,-1,36080,36081,36082,36083,36084,36085,36086,36087,36088,36089,36090,36091,36092,36093,36094,36095,-1,-1,-1,-1,-1,-1,-1,-1,36104,36105,36106,36108,36109,36110,36111,36112,36113,36114,36115,36116,36117,36118,36119,36120,36121,36122,36123,36124,36125,36126,36127,36128,36129,36130,36131,36132,36133,36134,36135,36136,36137,36138,36139,36140,36141,36142,36143,36144,36145,36146,36147,36148,36149,36150,36151,36152,36153,36154,36155,36156,36157,36158,36159,36160,36161,36162,36163,36164,36165,36166,36167,36168,36169,36170,36171,36172,36173,36174,36175,36176,36177
-1,-1,-1,-1,-1,-1,-1,-1,-1,-1,-1,-1,-1,-1,-1,-1,-1,-1,-1,-1,-1,-1,-1,-1,-1,-1,-1,-1,-1,-1,-1,-1,-1,36514,36515,36516,36517,36518,36519,36520,36521,36522,36523,36524,36525,-1,-1,-1,-1,-1,-1,-1,-1,-1,-1,-1,36537,36538,36539,36540,36541,36542,36543,36544,36545,36546,36547,36548,36549,36550,36551,36552,36553,36554,36555,36556,36557,36558,36559,36560,36561,36562,36563,36564,36565,36566,36567,36568,36569,36570,36571,36572,36573,36574,36575,36576,36577,36578,36579,36580,36581,36582,36583,36584,36585,-1,-1,-1,-1,-1,-1,-1,-1,-1,-1,-1,-1,36598,36599,36600,36601,36602,36603,36604,36604,36605,36606,36607,36608,36609,36610,36611,36612,36613,36614,36615,36616,36617,36618,36619,36620,36621,36622,36623,36624,36625,36626,36627,36628,36629,36630,36631,36632,36633,36634,36635,36636,36637,36638,36639,36640,36641,36642,36643,36644,36645,36646,36647,36648,36649,36650,36651,36652,36653,36654,36655,36656,36657,36658,36659,36660,36661,36662,36663,36664,36665,36666,36667,36668,36669,36670,36671,36672,36673,36674,36675,36676,36677,36678,36679,36680,36681,36682,36683,36684,36685,36686,36687,36688,36689,36690,36691,36692,36693,36694,36695,36696,36697,36698,36699,36700,36701,36702,36703,36704,36705,36706,36707,36708,36709,36710,36711,36712,36713,-1,-1,-1,-1,-1,-1,-1,36720,36721,36722,36723,36724,36725,36726,36727,36728,36729,36730,36731,36732,36733,36734,36735,-1,-1,-1,-1,-1,-1,36742,36743,36744,36745,36746,36748,36749,36750,36751,36752,36753,36754,36755,36756,36757,36758,36759,36760,36761,36762,36763,36764,36765,36766,36767,36768,36769,36770,36771,36772,36773,36774,36775,36776,36777,36778,36779,36780,36781,36782,36783,36784,36785,36786,36787,36788,36789,36790,36791,36792,36793,36794,36795,36796,36797,36798,36799,36800,36801,36802,36803,36804,36805,36806,36807,36808,36809,36810,36811,36812,36813,36814,36815,36816,36817
-1,-1,-1,-1,-1,-1,-1,-1,-1,-1,-1,-1,-1,-1,-1,-1,-1,-1,-1,-1,-1,-1,-1,-1,-1,-1,-1,-1,-1,-1,-1,-1,-1,37154,37155,37156,37157,37158,37159,37160,37161,37162,37163,37164,37165,-1,-1,-1,-1,-1,-1,-1,-1,-1,-1,37176,37177,37178,37179,37180,37181,37182,37183,37184,37185,37186,37187,37188,37189,37190,37191,37192,37193,37194,37195,37196,37197,37198,37199,37200,37201,37202,37203,37204,37205,37206,37207,37208,37209,37210,37211,37212,37213,37214,37215,37216,37217,37218,37219,37220,37221,37222,37223,37224,37225,37226,37227,-1,-1,-1,-1,-1,-1,-1,-1,-1,37237,37238,37239,37240,37241,37242,37243,37244,37244,37245,37246,37247,37248,37249,37250,37251,37252,37253,37254,37255,37256,37257,37258,37259,37260,37261,37262,37263,37264,37265,37266,37267,37268,37269,37270,37271,37272,37273,37274,37275,37276,37277,37278,37279,37280,37281,37282,37283,37284,37285,37286,37287,37288,37289,37290,37291,37292,37293,37294,37295,37296,37297,37298,37299,37300,37301,37302,37303,37304,37305,37306,37307,37308,37309,37310,37311,37312,37313,37314,37315,37316,37317,37318,37319,37320,37321,37322,37323,37324,37325,37326,37327,37328,37329,37330,37331,37332,37333,37334,37335,37336,37337,37338,37339,37340,37341,37342,37343,37344,37345,37346,37347,37348,37349,37350,37351,37352,37353,37354,37355,-1,-1,-1,-1,-1,37360,37361,37362,37363,37364,37365,37366,37367,37368,37369,37370,37371,37372,37373,37374,37375,-1,-1,-1,-1,37380,37381,37382,37383,37384,37385,37386,37388,37389,37390,37391,37392,37393,37394,37395,37396,37397,37398,37399,37400,37401,37402,37403,37404,37405,37406,37407,37408,37409,37410,37411,37412,37413,37414,37415,37416,37417,37418,37419,37420,37421,37422,37423,37424,37425,37426,37427,37428,37429,37430,37431,37432,37433,37434,37435,37436,37437,37438,37439,37440,37441,37442,37443,37444,37445,37446,37447,37448,37449,37450,37451,37452,37453,37454,37455,37456,37457
-1,-1,-1,-1,-1,-1,-1,-1,-1,-1,-1,-1,-1,-1,-1,-1,-1,-1,-1,-1,-1,-1,-1,-1,-1,-1,-1,-1,-1,-1,-1,-1,-1,37794,37795,37796,37797,37798,37799,37800,37801,37802,37803,37804,37805,37806,37807,37808,37809,-1,-1,-1,37813,37814,37815,37816,37817,37818,37819,37820,37821,37822,37823,37824,37825,37826,37827,37828,37829,37830,37831,37832,37833,37834,37835,37836,37837,37838,37839,37840,37841,37842,37843,37844,37845,37846,37847,37848,37849,37850,37851,37852,37853,37854,37855,37856,37857,37858,37859,37860,37861,37862,37863,37864,37865,37866,37867,37868,37869,37870,37871,37872,37873,37874,37875,37876,37877,37878,37879,37880,37881,37882,37883,37884,37884,37885,37886,37887,37888,37889,37890,37891,37892,37893,37894,37895,37896,37897,37898,37899,37900,37901,37902,37903,37904,37905,37906,37907,37908,37909,37910,37911,37912,37913,37914,37915,37916,37917,37918,37919,37920,37921,37922,37923,37924,37925,37926,37927,37928,37929,37930,37931,37932,37933,37934,37935,37936,37937,37938,37939,37940,37941,37942,37943,37944,37945,37946,37947,37948,37949,37950,37951,37952,37953,37954,37955,37956,37957,37958,37959,37960,37961,37962,37963,37964,37965,37966,37967,37968,37969,37970,37971,37972,37973,37974,37975,37976,37977,37978,37979,37980,37981,37982,37983,37984,37985,37986,37987,37988,37989,37990,37991,37992,37993,37994,37995,37996,-1,-1,-1,-1,38000,38001,38002,38003,38004,38005,38006,38007,38008,38009,38010,38011,38012,38013,38014,38015,38016,38017,38018,38019,38020,38021,38022,38023,38024,38025,38026,38028,38029,38030,38031,38032,38033,38034,38035,38036,38037,38038,38039,38040,38041,38042,38043,38044,38045,38046,38047,38048,38049,38050,38051,38052,38053,38054,38055,38056,38057,38058,38059,38060,38061,38062,38063,38064,38065,38066,38067,38068,38069,38070,38071,38072,38073,38074,38075,38076,38077,38078,38079,38080,38081,38082,38083,38084,38085,38086,38087,38088,38089,38090,38091,38092,38093,38094,38095,38096,38097
38400,38401,38402,38403,38404,38405,38407,38408,38409,38410,38411,38412,38413,38414,38415,38416,38417,38418,38419,38420,38421,38422,38423,38424,38425,38426,38427,38428,38429,38430,38431,38432,38433,38434,38435,38436,38437,38438,38439,38440,38441,38442,38443,38444,38445,38446,38447,38448,38449,38450,38451,38452,38453,38454,38455,38456,38457,38458,38459,38460,38461,38462,38463,38464,38465,38466,38467,38468,38469,38470,38471,38472,38473,38474,38475,38476,38477,38478,38479,38480,38481,38482,38483,38484,38485,38486,38487,38488,38489,38490,38491,38492,38493,38494,38495,38496,38497,38498,38499,38500,38501,38502,38503,38504,38505,38506,38507,38508,38509,38510,38511,38512,38513,38514,38515,38516,38517,38518,38519,38520,38521,38522,38523,38524,38524,38525,38526,38527,38528,38529,38530,38531,38532,38533,38534,38535,38536,38537,38538,38539,38540,38541,38542,38543,38544,38545,38546,38547,38548,38549,38550,38551,38552,38553,38554,38555,38556,38557,38558,38559,38560,38561,38562,38563,38564,38565,38566,38567,38568,38569,38570,38571,38572,38573,38574,38575,38576,38577,38578,38579,38580,38581,38582,38583,38584,38585,38586,38587,38588,38589,38590,38591,38592,38593,38594,38595,38596,38597,38598,38599,38600,38601,38602,38603,38604,38605,38606,38607,38608,38609,38610,38611,38612,38613,38614,38615,38616,38617,38618,38619,38620,38621,38622,38623,38624,38625,38626,38627,38628,38629,38630,38631,38632,38633,38634,38635,38636,38637,38638,38639,38640,38641,38642,38643,38644,38645,38646,38647,38648,38649,38650,38651,38652,38653,38654,38655,38656,38657,38658,38659,38659,38660,38661,38662,38663,38664,38665,38666,38668,38669,38670,38671,38672,38673,38674,38675,38676,38677,38678,38679,38680,38681,38682,38683,38684,38685,38686,38687,38688,38689,38690,38691,38692,38693,38694,38695,38696,38697,38698,38699,38700,38701,38702,38703,38704,38705,38706,38707,38708,38709,38710,38711,38712,38713,38714,38715,38716,38717,38718,38719,38720,38721,38722,38723,38724,38725,38726,38727,38728,38729,38730,38731,38732,38733,38734,38735,38736,38737
39040,39041,39041,39041,39041,39041,39046,39048,39049,39050,39051,39052,39053,39054,39055,39056,39057,39058,39059,39060,39061,39062,39063,39064,39065,39066,39067,39068,39069,39070,39071,39072,39073,39074,39075,39076,39077,39078,39079,39080,39081,39082,39083,39084,39085,39086,39087,39088,39089,39090,39091,39092,39093,39094,39095,39096,39097,39098,39099,39100,39101,39102,39103,39104,39105,39106,39107,39108,39109,39110,39111,39112,39113,39114,39115,39116,39117,39118,39119,39120,39121,39122,39123,39124,39125,39126,39127,39128,39129,39130,39131,39132,39133,39134,39135,39136,39137,39138,39139,39140,39141,39142,39143,39144,39145,39146,39147,39148,39149,39150,39151,39152,39153,39154,39155,39156,39157,39158,39159,39160,39161,39162,39163,39164,39164,39165,39166,39167,39168,39169,39170,39171,39172,39173,39174,39175,39176,39177,39178,39179,39180,39181,39182,39183,39184,39185,39186,39187,39188,39189,39190,39191,39192,39193,39194,39195,39196,39197,39198,39199,39200,39201,39202,39203,39204,39205,39206,39207,39208,39209,39210,39211,39212,39213,39214,39215,39216,39217,39218,39219,39220,39221,39222,39223,39224,39225,39226,39227,39228,39229,39230,39231,39232,39233,39234,39235,39236,39237,39238,39239,39240,39241,39242,39243,39244,39245,39246,39247,39248,39249,39250,39251,39252,39253,39254,39255,39256,39257,39258,39259,39260,39261,39262,39263,39264,39265,39266,39267,39268,39269,39270,39271,39272,39273,39274,39275,39276,39277,39278,39279,39280,39281,39282,39283,39284,39285,39286,39287,39288,39289,39290,39291,39292,39293,39294,39295,39296,39297,39298,39299,39299,39300,39301,39302,39303,39304,39305,39306,39308,39309,39310,39311,39312,39313,39314,39315,39316,39317,39318,39319,39320,39321,39322,39323,39324,39325,39326,39327,39328,39329,39330,39331,39332,39333,39334,39335,39336,39337,39338,39339,39340,39341,39342,39343,39344,39345,39346,39347,39348,39349,39350,39351,39352,39353,39354,39355,39356,39357,39358,39359,39360,39361,39362,39363,39364,39365,39366,39367,39368,39369,39370,39371,39372,39373,39374,39375,39376,39377
39680,39681,39682,39683,39684,39685,39686,39687,39688,39689,39690,39691,39692,39693,39694,39695,39696,39697,39698,39699,39700,39701,39702,39703,39704,39705,39707,39707,39708,39709,39710,39711,39712,39713,39714,39715,39716,39709,39710,39711,39712,39713,39714,39715,39725,39726,39727,39728,39729,39730,39731,39732,39733,39734,39735,39736,39737,39738,39739,39740,39741,39742,39743,39744,39745,39746,39747,39748,39749,39750,39751,39752,39753,39754,39755,39756,39757,39758,39759,39760,39761,39762,39763,39764,39765,39766,39767,39768,39769,39770,39771,39772,39773,39774,39775,39776,39777,39778,39779,39780,39781,39782,39783,39784,39785,39786,39787,39788,39789,39790,39791,39792,39793,39794,39795,39796,39797,39798,39799,39800,39801,39802,39803,39804,39804,39805,39806,39807,39808,39809,39810,39811,39812,39813,39814,39815,39816,39817,39818,39819,39820,39821,39822,39823,39824,39825,39826,39827,39828,39829,39830,39831,39832,39833,39834,39835,39836,39837,39838,39839,39840,39841,39842,39843,39844,39845,39846,39847,39848,39849,39850,39851,39852,39853,39854,39855,39856,39857,39858,39859,39860,39861,39862,39863,39864,39865,39866,39867,39868,39869,39870,39871,39872,39873,39874,39875,39876,39877,39878,39879,39880,39881,39882,39883,39884,39885,39886,39887,39888,39889,39890,39891,39892,39893,39894,39895,39896,39897,39898,39899,39900,39901,39902,39903,39904,39905,39906,39907,39908,39909,39910,39911,39912,39913,39914,39915,39916,39917,39918,39919,39920,39921,39922,39923,39924,39925,39926,39927,39928,39929,39930,39931,39932,39933,39934,39935,39936,39937,39938,39939,39939,39940,39941,39942,39943,39944,39945,39946,39948,39949,39950,39951,39952,39953,39954,39955,39956,39957,39958,39959,39960,39961,39962,39963,39964,39965,39966,39967,39968,39969,39970,39971,39972,39973,39974,39975,39976,39977,39978,39979,39980,39981,39982,39983,39984,39985,39986,39987,39988,39989,39990,39991,39992,39993,39994,39995,39996,39997,39998,39999,40000,40001,40002,40003,40004,40005,40006,40007,40008,40009,40010,40011,40012,40013,40014,40015,40016,40017
40320,40320,40320,40320,40320,40320,40320,40320,40320,40320,40320,40320,40320,40320,40320,40320,40320,40320,40320,40320,40320,40320,40320,40320,40320,40320,40320,40320,40320,40320,40320,40320,40320,40320,40320,40320,40320,40349,40350,40351,40352,40353,40354,40355,40356,40357,40358,40359,40360,40361,40371,40372,40373,40374,40375,40376,40377,40378,40379,40380,40381,40382,40383,40384,40385,40386,40387,40388,40389,40390,40391,40392,40393,40394,40395,40396,40397,40398,40399,40400,40401,40402,40403,40404,40405,40406,40407,40408,40409,40410,40411,40412,40413,40414,40415,40416,40417,40418,40419,40420,40421,40422,40423,40424,40425,40426,40427,40428,40429,40430,40431,40432,40433,40434,40435,40436,40437,40438,40439,40440,40441,40442,40443,40444,40444,40445,40446,40447,40448,40449,40450,40451,40452,40453,40454,40455,40456,40457,40458,40459,40460,40461,40462,40463,40464,40465,40466,40467,40468,40469,40470,40471,40472,40473,40474,40475,40476,40477,40478,40479,40480,40481,40482,40483,40484,40485,40486,40487,40488,40489,40490,40491,40492,40493,40494,40495,40496,40497,40498,40499,40500,40501,40502,40503,40504,40505,40506,40507,40508,40509,40510,40511,40512,40513,40514,40515,40516,40517,40518,40519,40520,40521,40522,40523,40524,40525,40526,40527,40528,40529,40530,40531,40532,40533,40534,40535,40536,40537,40538,40539,40540,40541,40542,40543,40544,40545,40546,40547,40548,40549,40550,40551,40552,40553,40554,40555,40556,40557,40558,40559,40560,40561,40562,40563,40564,40565,40566,40567,40568,40569,40570,40571,40572,40573,40574,40575,40576,40577,40578,40579,40579,40580,40581,40582,40583,40584,40585,40586,40588,40589,40590,40591,40592,40593,40594,40595,40596,40597,40598,40599,40600,40601,40602,40603,40604,40605,40606,40607,40608,40609,40610,40611,40612,40613,40614,40615,40616,40617,40618,40619,40620,40621,40622,40623,40624,40625,40626,40627,40628,40629,40630,40631,40632,40633,40634,40635,40636,40637,40638,40639,40640,40641,40642,40643,40644,40645,40646,40647,40648,40649,40650,40651,40652,40653,40654,40655,40656,40657
